{
    "OMjjllBN_4c-00:00:17.440-00:00:20.720": [
        0.46171875,
        0.19027777777777777,
        0.63046875,
        0.49027777777777776
    ],
    "OMjjllBN_4c-00:00:24.280-00:00:29.060": [
        0.49375,
        0.18611111111111112,
        0.634375,
        0.4361111111111111
    ],
    "OMjjllBN_4c-00:00:29.060-00:00:33.340": [
        0.44296875,
        0.19027777777777777,
        0.61171875,
        0.49027777777777776
    ],
    "OMjjllBN_4c-00:00:09.560-00:00:12.300": [
        0.44296875,
        0.19027777777777777,
        0.61171875,
        0.49027777777777776
    ],
    "OMjjllBN_4c-00:00:05.300-00:00:09.560": [
        0.46171875,
        0.22361111111111112,
        0.63046875,
        0.5236111111111111
    ]
}
